Stimuli,IV,Stimuli_Audio,Group,StimuliType
apārd,H-3,apārd.mp3,A,Stimuli
apārh,-2,apārh.mp3,A,Stimuli
apāfq,L-1,apāfq.mp3,A,Stimuli
apādp,0,apādp.mp3,A,Stimuli
apāsm,H+1,apāsm.mp3,A,Stimuli
apāšl,2,apāšl.mp3,A,Stimuli
apādl,L+3,apādl.mp3,A,Stimuli
ederd,H-3,ederd.mp3,A,Stimuli
ederh,-2,ederh.mp3,A,Stimuli
edefq,L-1,edefq.mp3,A,Stimuli
eredp,0,eredp.mp3,A,Stimuli
edesm,H+1,edesm.mp3,A,Stimuli
edešl,2,edešl.mp3,A,Stimuli
eredl,L+3,eredl.mp3,A,Stimuli
ovalg,-3,ovalg.mp3,A,Stimuli
ovand,H-2,ovand.mp3,A,Stimuli
ovačb,-1,ovačb.mp3,A,Stimuli
ovayr,L0,ovayr.mp3,A,Stimuli
ovajn,1,ovajn.mp3,A,Stimuli
ovahr,H+2,ovahr.mp3,A,Stimuli
ovapl,3,ovapl.mp3,A,Stimuli
izulg,-3,izulg.mp3,A,Stimuli
izund,H-2,izund.mp3,A,Stimuli
izučb,-1,izučb.mp3,A,Stimuli
izuyr,L0,izuyr.mp3,A,Stimuli
izujn,1,izujn.mp3,A,Stimuli
izuhr,H+2,izuhr.mp3,A,Stimuli
izupl,3,izupl.mp3,A,Stimuli
esāl?,L-3,esāl-.mp3,A,Stimuli
esālz,-2,esālz.mp3,A,Stimuli
eqāst,H-1,eqāst.mp3,A,Stimuli
esānm,0,esānm.mp3,A,Stimuli
esāds,L+1,esāds.mp3,A,Stimuli
esādm,2,esādm.mp3,A,Stimuli
esātr,H+3,esātr.mp3,A,Stimuli
atel?,L-3,atel-.mp3,A,Stimuli
atelz,-2,atelz.mp3,A,Stimuli
atast,H-1,atast.mp3,A,Stimuli
atenm,0,atenm.mp3,A,Stimuli
ateds,L+1,ateds.mp3,A,Stimuli
atedm,2,atedm.mp3,A,Stimuli
adetr,H+3,adetr.mp3,A,Stimuli
āveyq,-3,āveyq.mp3,A,Stimuli
āvemd,L-2,āvemd.mp3,A,Stimuli
āvemč,-1,āvemč.mp3,A,Stimuli
āveqt,H0,āveqt.mp3,A,Stimuli
āvekž,1,āvekž.mp3,A,Stimuli
āvexl,L+2,āvexl.mp3,A,Stimuli
āveby,3,āveby.mp3,A,Stimuli
ojuyq,-3,ojuyq.mp3,A,Stimuli
ojumd,L-2,ojumd.mp3,A,Stimuli
ojumč,-1,ojumč.mp3,A,Stimuli
ojuqt,H0,ojuqt.mp3,A,Stimuli
ojukž,1,ojukž.mp3,A,Stimuli
ojuxl,L+2,ojuxl.mp3,A,Stimuli
ojuby,3,ojuby.mp3,A,Stimuli
eqāyd,H-3,eqāyd.mp3,A,Stimuli
eqārž,-2,eqārž.mp3,A,Stimuli
eqāym,L-1,eqāym.mp3,A,Stimuli
eqāčj,0,eqāčj.mp3,A,Stimuli
eqāks,H+1,eqāks.mp3,A,Stimuli
eqāpn,2,eqāpn.mp3,A,Stimuli
eqā?y,L+3,eqā-y.mp3,A,Stimuli
ileyd,H-3,ileyd.mp3,A,Stimuli
ilerž,-2,ilerž.mp3,A,Stimuli
ileym,L-1,ileym.mp3,A,Stimuli
ilečj,0,ilečj.mp3,A,Stimuli
ileks,H+1,ileks.mp3,A,Stimuli
ilepn,2,ilepn.mp3,A,Stimuli
ile?y,L+3,ile-y.mp3,A,Stimuli
očārp,-3,očārp.mp3,A,Stimuli
očārz,H-2,očārz.mp3,A,Stimuli
očāfp,-1,očāfp.mp3,A,Stimuli
očāmn,L0,očāmn.mp3,A,Stimuli
očābf,1,očābf.mp3,A,Stimuli
očākm,H+2,očākm.mp3,A,Stimuli
očāpr,3,očāpr.mp3,A,Stimuli
āgurp,-3,āgurp.mp3,A,Stimuli
āgurz,H-2,āgurz.mp3,A,Stimuli
āgufp,-1,āgufp.mp3,A,Stimuli
āgumn,L0,āgumn.mp3,A,Stimuli
āgubf,1,āgubf.mp3,A,Stimuli
āgukm,H+2,āgukm.mp3,A,Stimuli
āgupr,3,āgupr.mp3,A,Stimuli
efuy?,L-3,efuy-.mp3,A,Stimuli
efumk,-2,efumk.mp3,A,Stimuli
efunj,H-1,efunj.mp3,A,Stimuli
efušz,0,efušz.mp3,A,Stimuli
erufn,L+1,erufn.mp3,A,Stimuli
efučr,2,efučr.mp3,A,Stimuli
efuql,H+3,efuql.mp3,A,Stimuli
ivay?,L-3,ivay-.mp3,A,Stimuli
ivamk,-2,ivamk.mp3,A,Stimuli
ivanj,H-1,ivanj.mp3,A,Stimuli
ivašz,0,ivašz.mp3,A,Stimuli
ivafn,L+1,ivafn.mp3,A,Stimuli
ivačr,2,ivačr.mp3,A,Stimuli
ivaql,H+3,ivaql.mp3,A,Stimuli
oxeyp,-3,oxeyp.mp3,A,Stimuli
oxels,L-2,oxels.mp3,A,Stimuli
oxemf,-1,oxemf.mp3,A,Stimuli
oxefš,H0,oxefš.mp3,A,Stimuli
oxemy,1,oxemy.mp3,A,Stimuli
oxefy,L+2,oxefy.mp3,A,Stimuli
oxeky,3,oxeky.mp3,A,Stimuli
ibuyp,-3,ibuyp.mp3,A,Stimuli
ibuls,L-2,ibuls.mp3,A,Stimuli
ibumf,-1,ibumf.mp3,A,Stimuli
ibufš,H0,ibufš.mp3,A,Stimuli
ibumy,1,ibumy.mp3,A,Stimuli
ibufy,L+2,ibufy.mp3,A,Stimuli
ibuky,3,ibuky.mp3,A,Stimuli
šebal,NA,šebal.mp3,A,Filler
fedār,NA,fedār.mp3,A,Filler
vorād,NA,vorād.mp3,A,Filler
dakin,NA,dakin.mp3,A,Filler
rifam,NA,rifam.mp3,A,Filler
dāzoh,NA,dāzoh.mp3,A,Filler
besap,NA,besap.mp3,A,Filler
xeqad,NA,xeqad.mp3,A,Filler
zišax,NA,zišax.mp3,A,Filler
lārad,NA,lārad.mp3,A,Filler
soxāv,NA,soxāv.mp3,A,Filler
raqoj,NA,raqoj.mp3,A,Filler
sabay,NA,sabay.mp3,A,Filler
sidoq,NA,sidoq.mp3,A,Filler
yaboq,NA,yaboq.mp3,A,Filler
čepom,NA,čepom.mp3,A,Filler
rekem,NA,rekem.mp3,A,Filler
votik,NA,votik.mp3,A,Filler
šemag,NA,šemag.mp3,A,Filler
xasāp,NA,xasāp.mp3,A,Filler
rekup,NA,rekup.mp3,A,Filler
rulez,NA,rulez.mp3,A,Filler
selāb,NA,selāb.mp3,A,Filler
larib,NA,larib.mp3,A,Filler
kaves,NA,kaves.mp3,A,Filler
xerum,NA,xerum.mp3,A,Filler
debiv,NA,debiv.mp3,A,Filler
suvil,NA,suvil.mp3,A,Filler
lesfep,NA,lesfep.mp3,A,Filler
da?bal,NA,da-bal.mp3,A,Filler
kānbur,NA,kānbur.mp3,A,Filler
pavker,NA,pavker.mp3,A,Filler
jexpim,NA,jexpim.mp3,A,Filler
karyap,NA,karyap.mp3,A,Filler
nākzer,NA,nākzer.mp3,A,Filler
lagnay,NA,lagnay.mp3,A,Filler
surpāf,NA,surpāf.mp3,A,Filler
dekvan,NA,dekvan.mp3,A,Filler
čeqvum,NA,čeqvum.mp3,A,Filler
tuhnip,NA,tuhnip.mp3,A,Filler
yinrāk,NA,yinrāk.mp3,A,Filler
zelteb,NA,zelteb.mp3,A,Filler
pagnuy,NA,pagnuy.mp3,A,Filler
sebyon,NA,sebyon.mp3,A,Filler
fadrun,NA,fadrun.mp3,A,Filler
tekmaš,NA,tekmaš.mp3,A,Filler
fa?yin,NA,fa-yin.mp3,A,Filler
mābfav,NA,mābfav.mp3,A,Filler
dāpxas,NA,dāpxas.mp3,A,Filler
māvkep,NA,māvkep.mp3,A,Filler
kumfad,NA,kumfad.mp3,A,Filler
emrek,NA,emrek.mp3,A,Filler
šāpzef,NA,šāpzef.mp3,A,Filler
guprek,NA,guprek.mp3,A,Filler
zibdef,NA,zibdef.mp3,A,Filler
napsih,NA,napsih.mp3,A,Filler
tokša,NA,tokša.mp3,A,Filler
defbi,NA,defbi.mp3,A,Filler
kānze,NA,kānze.mp3,A,Filler
rābqe,NA,rābqe.mp3,A,Filler
givše,NA,givše.mp3,A,Filler
rivre,NA,rivre.mp3,A,Filler
pible,NA,pible.mp3,A,Filler
tāpfo,NA,tāpfo.mp3,A,Filler
teqnā,NA,teqnā.mp3,A,Filler
febdu,NA,febdu.mp3,A,Filler
lidnā,NA,lidnā.mp3,A,Filler
dāzke,NA,dāzke.mp3,A,Filler
xezbā,NA,xezbā.mp3,A,Filler
yarši,NA,yarši.mp3,A,Filler
tigre,NA,tigre.mp3,A,Filler
tevpā,NA,tevpā.mp3,A,Filler
vetre,NA,vetre.mp3,A,Filler
rāvlā,NA,rāvlā.mp3,A,Filler
bāxze,NA,bāxze.mp3,A,Filler
nāšvi,NA,nāšvi.mp3,A,Filler
lāmše,NA,lāmše.mp3,A,Filler
vapšu,NA,vapšu.mp3,A,Filler
gepsā,NA,gepsā.mp3,A,Filler
morku,NA,morku.mp3,A,Filler
norvā,NA,norvā.mp3,A,Filler
fijpe,NA,fijpe.mp3,A,Filler
yarget,NA,yarget.mp3,A,Filler
nutpā,NA,nutpā.mp3,A,Filler
ernāk,NA,ernāk.mp3,A,Filler
eskav,NA,eskav.mp3,A,Filler
ebzer,NA,ebzer.mp3,A,Filler
idkān,NA,idkān.mp3,A,Filler
āmšel,NA,āmšel.mp3,A,Filler
unzem,NA,unzem.mp3,A,Filler
ušvab,NA,ušvab.mp3,A,Filler
ipbex,NA,ipbex.mp3,A,Filler
optāx,NA,optāx.mp3,A,Filler
ānket,NA,ānket.mp3,A,Filler
efbuz,NA,efbuz.mp3,A,Filler
iktil,NA,iktil.mp3,A,Filler
ensit,NA,ensit.mp3,A,Filler
erhap,NA,erhap.mp3,A,Filler
andep,NA,andep.mp3,A,Filler
exrum,NA,exrum.mp3,A,Filler
utpān,NA,utpān.mp3,A,Filler
okyum,NA,okyum.mp3,A,Filler
otpaf,NA,otpaf.mp3,A,Filler
ivdeb,NA,ivdeb.mp3,A,Filler
ilsuv,NA,ilsuv.mp3,A,Filler
āptev,NA,āptev.mp3,A,Filler
ābsel,NA,ābsel.mp3,A,Filler
erpav,NA,erpav.mp3,A,Filler
āvnor,NA,āvnor.mp3,A,Filler
evreb,NA,evreb.mp3,A,Filler
ukmor,NA,ukmor.mp3,A,Filler
ezrul,NA,ezrul.mp3,A,Filler
apālg,-3,apālg.mp3,B,Stimuli
apānd,H-2,apānd.mp3,B,Stimuli
apāčb,-1,apāčb.mp3,B,Stimuli
apāyr,L0,apāyr.mp3,B,Stimuli
apājn,1,apājn.mp3,B,Stimuli
apāhr,H+2,apāhr.mp3,B,Stimuli
ašāpl,3,ašāpl.mp3,B,Stimuli
edelg,-3,edelg.mp3,B,Stimuli
edend,H-2,edend.mp3,B,Stimuli
edečb,-1,edečb.mp3,B,Stimuli
edeyr,L0,edeyr.mp3,B,Stimuli
edejn,1,edejn.mp3,B,Stimuli
edehr,H+2,edehr.mp3,B,Stimuli
edepl,3,edepl.mp3,B,Stimuli
oval?,L-3,oval-.mp3,B,Stimuli
ovalz,-2,ovalz.mp3,B,Stimuli
ovast,H-1,ovast.mp3,B,Stimuli
ovanm,0,ovanm.mp3,B,Stimuli
ovads,L+1,ovads.mp3,B,Stimuli
ovadm,2,ovadm.mp3,B,Stimuli
ovatr,H+3,ovatr.mp3,B,Stimuli
izul?,L-3,izul-.mp3,B,Stimuli
izulz,-2,izulz.mp3,B,Stimuli
izust,H-1,izust.mp3,B,Stimuli
izunm,0,izunm.mp3,B,Stimuli
izuds,L+1,izuds.mp3,B,Stimuli
izudm,2,izudm.mp3,B,Stimuli
izutr,H+3,izutr.mp3,B,Stimuli
esāyq,-3,esāyq.mp3,B,Stimuli
esāmd,L-2,esāmd.mp3,B,Stimuli
esāmč,-1,esāmč.mp3,B,Stimuli
esāqt,H0,esāqt.mp3,B,Stimuli
esākž,1,esākž.mp3,B,Stimuli
esāxl,L+2,esāxl.mp3,B,Stimuli
esāby,3,esāby.mp3,B,Stimuli
ateyq,-3,ateyq.mp3,B,Stimuli
atemd,L-2,atemd.mp3,B,Stimuli
atemč,-1,atemč.mp3,B,Stimuli
ateqt,H0,ateqt.mp3,B,Stimuli
atekž,1,atekž.mp3,B,Stimuli
atexl,L+2,atexl.mp3,B,Stimuli
ateby,3,ateby.mp3,B,Stimuli
āveyd,H-3,āveyd.mp3,B,Stimuli
āverž,-2,āverž.mp3,B,Stimuli
āveym,L-1,āveym.mp3,B,Stimuli
āvečj,0,āvečj.mp3,B,Stimuli
āveks,H+1,āveks.mp3,B,Stimuli
āvepn,2,āvepn.mp3,B,Stimuli
āve?y,L+3,āve-y.mp3,B,Stimuli
ojuyd,H-3,ojuyd.mp3,B,Stimuli
ojurž,-2,ojurž.mp3,B,Stimuli
ojuym,L-1,ojuym.mp3,B,Stimuli
oručj,0,oručj.mp3,B,Stimuli
ojuks,H+1,ojuks.mp3,B,Stimuli
ojupn,2,ojupn.mp3,B,Stimuli
oju?y,L+3,oju-y.mp3,B,Stimuli
eqārp,-3,eqārp.mp3,B,Stimuli
eqārz,H-2,eqārz.mp3,B,Stimuli
eqāfp,-1,eqāfp.mp3,B,Stimuli
eqāmn,L0,eqāmn.mp3,B,Stimuli
eqābf,1,eqābf.mp3,B,Stimuli
eqākm,H+2,eqākm.mp3,B,Stimuli
eqāpr,3,eqāpr.mp3,B,Stimuli
ilerp,-3,ilerp.mp3,B,Stimuli
ilerz,H-2,ilerz.mp3,B,Stimuli
ilefp,-1,ilefp.mp3,B,Stimuli
ilemn,L0,ilemn.mp3,B,Stimuli
ilebf,1,ilebf.mp3,B,Stimuli
ilekm,H+2,ilekm.mp3,B,Stimuli
ilepr,3,ilepr.mp3,B,Stimuli
očāy?,L-3,očāy-.mp3,B,Stimuli
očāmk,-2,očāmk.mp3,B,Stimuli
očānj,H-1,očānj.mp3,B,Stimuli
očāšz,0,očāšz.mp3,B,Stimuli
očāfn,L+1,očāfn.mp3,B,Stimuli
orāčr,2,orāčr.mp3,B,Stimuli
očāql,H+3,očāql.mp3,B,Stimuli
āguy?,L-3,āguy-.mp3,B,Stimuli
āgumk,-2,āgumk.mp3,B,Stimuli
āgunj,H-1,āgunj.mp3,B,Stimuli
āgušz,0,āgušz.mp3,B,Stimuli
āgufn,L+1,āgufn.mp3,B,Stimuli
āgučr,2,āgučr.mp3,B,Stimuli
āguql,H+3,āguql.mp3,B,Stimuli
efuyp,-3,efuyp.mp3,B,Stimuli
efuls,L-2,efuls.mp3,B,Stimuli
efumf,-1,efumf.mp3,B,Stimuli
erufš,H0,erufš.mp3,B,Stimuli
efumy,1,efumy.mp3,B,Stimuli
erufy,L+2,erufy.mp3,B,Stimuli
efuky,3,efuky.mp3,B,Stimuli
ivayp,-3,ivayp.mp3,B,Stimuli
ivals,L-2,ivals.mp3,B,Stimuli
ivamf,-1,ivamf.mp3,B,Stimuli
ivafš,H0,ivafš.mp3,B,Stimuli
ivamy,1,ivamy.mp3,B,Stimuli
ivafy,L+2,ivafy.mp3,B,Stimuli
ivaky,3,ivaky.mp3,B,Stimuli
oxerd,H-3,oxerd.mp3,B,Stimuli
oxerh,-2,oxerh.mp3,B,Stimuli
oxefq,L-1,oxefq.mp3,B,Stimuli
oxedp,0,oxedp.mp3,B,Stimuli
oxesm,H+1,oxesm.mp3,B,Stimuli
oxešl,2,oxešl.mp3,B,Stimuli
oxedl,L+3,oxedl.mp3,B,Stimuli
iburd,H-3,iburd.mp3,B,Stimuli
iburh,-2,iburh.mp3,B,Stimuli
ibufq,L-1,ibufq.mp3,B,Stimuli
ibudp,0,ibudp.mp3,B,Stimuli
ibusm,H+1,ibusm.mp3,B,Stimuli
ibušl,2,ibušl.mp3,B,Stimuli
ibudl,L+3,ibudl.mp3,B,Stimuli
šebal,NA,šebal.mp3,B,Filler
fedār,NA,fedār.mp3,B,Filler
vorād,NA,vorād.mp3,B,Filler
dakin,NA,dakin.mp3,B,Filler
rifam,NA,rifam.mp3,B,Filler
dāzoh,NA,dāzoh.mp3,B,Filler
besap,NA,besap.mp3,B,Filler
xeqad,NA,xeqad.mp3,B,Filler
zišax,NA,zišax.mp3,B,Filler
lārad,NA,lārad.mp3,B,Filler
soxāv,NA,soxāv.mp3,B,Filler
raqoj,NA,raqoj.mp3,B,Filler
sabay,NA,sabay.mp3,B,Filler
sidoq,NA,sidoq.mp3,B,Filler
yaboq,NA,yaboq.mp3,B,Filler
čepom,NA,čepom.mp3,B,Filler
rekem,NA,rekem.mp3,B,Filler
votik,NA,votik.mp3,B,Filler
šemag,NA,šemag.mp3,B,Filler
xasāp,NA,xasāp.mp3,B,Filler
rekup,NA,rekup.mp3,B,Filler
rulez,NA,rulez.mp3,B,Filler
selāb,NA,selāb.mp3,B,Filler
larib,NA,larib.mp3,B,Filler
kaves,NA,kaves.mp3,B,Filler
xerum,NA,xerum.mp3,B,Filler
debiv,NA,debiv.mp3,B,Filler
suvil,NA,suvil.mp3,B,Filler
lesfep,NA,lesfep.mp3,B,Filler
da?bal,NA,da-bal.mp3,B,Filler
kānbur,NA,kānbur.mp3,B,Filler
pavker,NA,pavker.mp3,B,Filler
jexpim,NA,jexpim.mp3,B,Filler
karyap,NA,karyap.mp3,B,Filler
nākzer,NA,nākzer.mp3,B,Filler
lagnay,NA,lagnay.mp3,B,Filler
surpāf,NA,surpāf.mp3,B,Filler
dekvan,NA,dekvan.mp3,B,Filler
čeqvum,NA,čeqvum.mp3,B,Filler
tuhnip,NA,tuhnip.mp3,B,Filler
yinrāk,NA,yinrāk.mp3,B,Filler
zelteb,NA,zelteb.mp3,B,Filler
pagnuy,NA,pagnuy.mp3,B,Filler
sebyon,NA,sebyon.mp3,B,Filler
fadrun,NA,fadrun.mp3,B,Filler
tekmaš,NA,tekmaš.mp3,B,Filler
fa?yin,NA,fa-yin.mp3,B,Filler
mābfav,NA,mābfav.mp3,B,Filler
dāpxas,NA,dāpxas.mp3,B,Filler
māvkep,NA,māvkep.mp3,B,Filler
kumfad,NA,kumfad.mp3,B,Filler
emrek,NA,emrek.mp3,B,Filler
šāpzef,NA,šāpzef.mp3,B,Filler
guprek,NA,guprek.mp3,B,Filler
zibdef,NA,zibdef.mp3,B,Filler
napsih,NA,napsih.mp3,B,Filler
tokša,NA,tokša.mp3,B,Filler
defbi,NA,defbi.mp3,B,Filler
kānze,NA,kānze.mp3,B,Filler
rābqe,NA,rābqe.mp3,B,Filler
givše,NA,givše.mp3,B,Filler
rivre,NA,rivre.mp3,B,Filler
pible,NA,pible.mp3,B,Filler
tāpfo,NA,tāpfo.mp3,B,Filler
teqnā,NA,teqnā.mp3,B,Filler
febdu,NA,febdu.mp3,B,Filler
lidnā,NA,lidnā.mp3,B,Filler
dāzke,NA,dāzke.mp3,B,Filler
xezbā,NA,xezbā.mp3,B,Filler
yarši,NA,yarši.mp3,B,Filler
tigre,NA,tigre.mp3,B,Filler
tevpā,NA,tevpā.mp3,B,Filler
vetre,NA,vetre.mp3,B,Filler
rāvlā,NA,rāvlā.mp3,B,Filler
bāxze,NA,bāxze.mp3,B,Filler
nāšvi,NA,nāšvi.mp3,B,Filler
lāmše,NA,lāmše.mp3,B,Filler
vapšu,NA,vapšu.mp3,B,Filler
gepsā,NA,gepsā.mp3,B,Filler
morku,NA,morku.mp3,B,Filler
norvā,NA,norvā.mp3,B,Filler
fijpe,NA,fijpe.mp3,B,Filler
yarget,NA,yarget.mp3,B,Filler
nutpā,NA,nutpā.mp3,B,Filler
ernāk,NA,ernāk.mp3,B,Filler
eskav,NA,eskav.mp3,B,Filler
ebzer,NA,ebzer.mp3,B,Filler
idkān,NA,idkān.mp3,B,Filler
āmšel,NA,āmšel.mp3,B,Filler
unzem,NA,unzem.mp3,B,Filler
ušvab,NA,ušvab.mp3,B,Filler
ipbex,NA,ipbex.mp3,B,Filler
optāx,NA,optāx.mp3,B,Filler
ānket,NA,ānket.mp3,B,Filler
efbuz,NA,efbuz.mp3,B,Filler
iktil,NA,iktil.mp3,B,Filler
ensit,NA,ensit.mp3,B,Filler
erhap,NA,erhap.mp3,B,Filler
andep,NA,andep.mp3,B,Filler
exrum,NA,exrum.mp3,B,Filler
utpān,NA,utpān.mp3,B,Filler
okyum,NA,okyum.mp3,B,Filler
otpaf,NA,otpaf.mp3,B,Filler
ivdeb,NA,ivdeb.mp3,B,Filler
ilsuv,NA,ilsuv.mp3,B,Filler
āptev,NA,āptev.mp3,B,Filler
ābsel,NA,ābsel.mp3,B,Filler
erpav,NA,erpav.mp3,B,Filler
āvnor,NA,āvnor.mp3,B,Filler
evreb,NA,evreb.mp3,B,Filler
ukmor,NA,ukmor.mp3,B,Filler
ezrul,NA,ezrul.mp3,B,Filler
apāl?,L-3,apāl-.mp3,C,Stimuli
apālz,-2,apālz.mp3,C,Stimuli
apāst,H-1,apāst.mp3,C,Stimuli
apānm,0,apānm.mp3,C,Stimuli
apāds,L+1,apāds.mp3,C,Stimuli
apādm,2,apādm.mp3,C,Stimuli
apātr,H+3,apātr.mp3,C,Stimuli
edel?,L-3,edel-.mp3,C,Stimuli
edelz,-2,edelz.mp3,C,Stimuli
edest,H-1,edest.mp3,C,Stimuli
edenm,0,edenm.mp3,C,Stimuli
ezeds,L+1,ezeds.mp3,C,Stimuli
ededm,2,ededm.mp3,C,Stimuli
edetr,H+3,edetr.mp3,C,Stimuli
ovayq,-3,ovayq.mp3,C,Stimuli
ovamd,L-2,ovamd.mp3,C,Stimuli
ovamč,-1,ovamč.mp3,C,Stimuli
opaqt,H0,opaqt.mp3,C,Stimuli
ovakž,1,ovakž.mp3,C,Stimuli
ovaxl,L+2,ovaxl.mp3,C,Stimuli
ovaby,3,ovaby.mp3,C,Stimuli
izuyq,-3,izuyq.mp3,C,Stimuli
izumd,L-2,izumd.mp3,C,Stimuli
izumč,-1,izumč.mp3,C,Stimuli
izuqt,H0,izuqt.mp3,C,Stimuli
izukž,1,izukž.mp3,C,Stimuli
izuxl,L+2,izuxl.mp3,C,Stimuli
izuby,3,izuby.mp3,C,Stimuli
esāyd,H-3,esāyd.mp3,C,Stimuli
esārž,-2,esārž.mp3,C,Stimuli
esāym,L-1,esāym.mp3,C,Stimuli
esāčj,0,esāčj.mp3,C,Stimuli
esāks,H+1,esāks.mp3,C,Stimuli
esāpn,2,esāpn.mp3,C,Stimuli
esā?y,L+3,esā-y.mp3,C,Stimuli
ateyd,H-3,ateyd.mp3,C,Stimuli
aterž,-2,aterž.mp3,C,Stimuli
ateym,L-1,ateym.mp3,C,Stimuli
atečj,0,atečj.mp3,C,Stimuli
ateks,H+1,ateks.mp3,C,Stimuli
atepn,2,atepn.mp3,C,Stimuli
ate?y,L+3,ate-y.mp3,C,Stimuli
āverp,-3,āverp.mp3,C,Stimuli
āverz,H-2,āverz.mp3,C,Stimuli
āvefp,-1,āvefp.mp3,C,Stimuli
āvemn,L0,āvemn.mp3,C,Stimuli
āvebf,1,āvebf.mp3,C,Stimuli
āvekm,H+2,āvekm.mp3,C,Stimuli
āvepr,3,āvepr.mp3,C,Stimuli
ojurp,-3,ojurp.mp3,C,Stimuli
ojurz,H-2,ojurz.mp3,C,Stimuli
ojufp,-1,ojufp.mp3,C,Stimuli
ojumn,L0,ojumn.mp3,C,Stimuli
ojubf,1,ojubf.mp3,C,Stimuli
ojukm,H+2,ojukm.mp3,C,Stimuli
ojupr,3,ojupr.mp3,C,Stimuli
eqāy?,L-3,eqāy-.mp3,C,Stimuli
eqāmk,-2,eqāmk.mp3,C,Stimuli
eqānj,H-1,eqānj.mp3,C,Stimuli
eqāšz,0,eqāšz.mp3,C,Stimuli
eqāfn,L+1,eqāfn.mp3,C,Stimuli
eqāčr,2,eqāčr.mp3,C,Stimuli
epāql,H+3,epāql.mp3,C,Stimuli
iley?,L-3,iley-.mp3,C,Stimuli
ilemk,-2,ilemk.mp3,C,Stimuli
ivenj,H-1,ivenj.mp3,C,Stimuli
ilešz,0,ilešz.mp3,C,Stimuli
ilefn,L+1,ilefn.mp3,C,Stimuli
ilečr,2,ilečr.mp3,C,Stimuli
ileql,H+3,ileql.mp3,C,Stimuli
očāyp,-3,očāyp.mp3,C,Stimuli
očāls,L-2,očāls.mp3,C,Stimuli
očāmf,-1,očāmf.mp3,C,Stimuli
očāfš,H0,očāfš.mp3,C,Stimuli
očāmy,1,očāmy.mp3,C,Stimuli
očāfy,L+2,očāfy.mp3,C,Stimuli
očāky,3,očāky.mp3,C,Stimuli
āguyp,-3,āguyp.mp3,C,Stimuli
āguls,L-2,āguls.mp3,C,Stimuli
āgumf,-1,āgumf.mp3,C,Stimuli
āgufš,H0,āgufš.mp3,C,Stimuli
āgumy,1,āgumy.mp3,C,Stimuli
āgufy,L+2,āgufy.mp3,C,Stimuli
āguky,3,āguky.mp3,C,Stimuli
efurd,H-3,efurd.mp3,C,Stimuli
efurh,-2,efurh.mp3,C,Stimuli
erufq,L-1,erufq.mp3,C,Stimuli
efudp,0,efudp.mp3,C,Stimuli
efusm,H+1,efusm.mp3,C,Stimuli
efušl,2,efušl.mp3,C,Stimuli
efudl,L+3,efudl.mp3,C,Stimuli
ivard,H-3,ivard.mp3,C,Stimuli
ivarh,-2,ivarh.mp3,C,Stimuli
ivafq,L-1,ivafq.mp3,C,Stimuli
ivadp,0,ivadp.mp3,C,Stimuli
ivasm,H+1,ivasm.mp3,C,Stimuli
ivašl,2,ivašl.mp3,C,Stimuli
ivadl,L+3,ivadl.mp3,C,Stimuli
oxelg,-3,oxelg.mp3,C,Stimuli
oxend,H-2,oxend.mp3,C,Stimuli
oxečb,-1,oxečb.mp3,C,Stimuli
oleyr,L0,oleyr.mp3,C,Stimuli
oxejn,1,oxejn.mp3,C,Stimuli
oxehr,H+2,oxehr.mp3,C,Stimuli
oxepl,3,oxepl.mp3,C,Stimuli
ibulg,-3,ibulg.mp3,C,Stimuli
ibund,H-2,ibund.mp3,C,Stimuli
ibučb,-1,ibučb.mp3,C,Stimuli
ibuyr,L0,ibuyr.mp3,C,Stimuli
ibujn,1,ibujn.mp3,C,Stimuli
ibuhr,H+2,ibuhr.mp3,C,Stimuli
ibupl,3,ibupl.mp3,C,Stimuli
šebal,NA,šebal.mp3,C,Filler
fedār,NA,fedār.mp3,C,Filler
vorād,NA,vorād.mp3,C,Filler
dakin,NA,dakin.mp3,C,Filler
rifam,NA,rifam.mp3,C,Filler
dāzoh,NA,dāzoh.mp3,C,Filler
besap,NA,besap.mp3,C,Filler
xeqad,NA,xeqad.mp3,C,Filler
zišax,NA,zišax.mp3,C,Filler
lārad,NA,lārad.mp3,C,Filler
soxāv,NA,soxāv.mp3,C,Filler
raqoj,NA,raqoj.mp3,C,Filler
sabay,NA,sabay.mp3,C,Filler
sidoq,NA,sidoq.mp3,C,Filler
yaboq,NA,yaboq.mp3,C,Filler
čepom,NA,čepom.mp3,C,Filler
rekem,NA,rekem.mp3,C,Filler
votik,NA,votik.mp3,C,Filler
šemag,NA,šemag.mp3,C,Filler
xasāp,NA,xasāp.mp3,C,Filler
rekup,NA,rekup.mp3,C,Filler
rulez,NA,rulez.mp3,C,Filler
selāb,NA,selāb.mp3,C,Filler
larib,NA,larib.mp3,C,Filler
kaves,NA,kaves.mp3,C,Filler
xerum,NA,xerum.mp3,C,Filler
debiv,NA,debiv.mp3,C,Filler
suvil,NA,suvil.mp3,C,Filler
lesfep,NA,lesfep.mp3,C,Filler
da?bal,NA,da-bal.mp3,C,Filler
kānbur,NA,kānbur.mp3,C,Filler
pavker,NA,pavker.mp3,C,Filler
jexpim,NA,jexpim.mp3,C,Filler
karyap,NA,karyap.mp3,C,Filler
nākzer,NA,nākzer.mp3,C,Filler
lagnay,NA,lagnay.mp3,C,Filler
surpāf,NA,surpāf.mp3,C,Filler
dekvan,NA,dekvan.mp3,C,Filler
čeqvum,NA,čeqvum.mp3,C,Filler
tuhnip,NA,tuhnip.mp3,C,Filler
yinrāk,NA,yinrāk.mp3,C,Filler
zelteb,NA,zelteb.mp3,C,Filler
pagnuy,NA,pagnuy.mp3,C,Filler
sebyon,NA,sebyon.mp3,C,Filler
fadrun,NA,fadrun.mp3,C,Filler
tekmaš,NA,tekmaš.mp3,C,Filler
fa?yin,NA,fa-yin.mp3,C,Filler
mābfav,NA,mābfav.mp3,C,Filler
dāpxas,NA,dāpxas.mp3,C,Filler
māvkep,NA,māvkep.mp3,C,Filler
kumfad,NA,kumfad.mp3,C,Filler
emrek,NA,emrek.mp3,C,Filler
šāpzef,NA,šāpzef.mp3,C,Filler
guprek,NA,guprek.mp3,C,Filler
zibdef,NA,zibdef.mp3,C,Filler
napsih,NA,napsih.mp3,C,Filler
tokša,NA,tokša.mp3,C,Filler
defbi,NA,defbi.mp3,C,Filler
kānze,NA,kānze.mp3,C,Filler
rābqe,NA,rābqe.mp3,C,Filler
givše,NA,givše.mp3,C,Filler
rivre,NA,rivre.mp3,C,Filler
pible,NA,pible.mp3,C,Filler
tāpfo,NA,tāpfo.mp3,C,Filler
teqnā,NA,teqnā.mp3,C,Filler
febdu,NA,febdu.mp3,C,Filler
lidnā,NA,lidnā.mp3,C,Filler
dāzke,NA,dāzke.mp3,C,Filler
xezbā,NA,xezbā.mp3,C,Filler
yarši,NA,yarši.mp3,C,Filler
tigre,NA,tigre.mp3,C,Filler
tevpā,NA,tevpā.mp3,C,Filler
vetre,NA,vetre.mp3,C,Filler
rāvlā,NA,rāvlā.mp3,C,Filler
bāxze,NA,bāxze.mp3,C,Filler
nāšvi,NA,nāšvi.mp3,C,Filler
lāmše,NA,lāmše.mp3,C,Filler
vapšu,NA,vapšu.mp3,C,Filler
gepsā,NA,gepsā.mp3,C,Filler
morku,NA,morku.mp3,C,Filler
norvā,NA,norvā.mp3,C,Filler
fijpe,NA,fijpe.mp3,C,Filler
yarget,NA,yarget.mp3,C,Filler
nutpā,NA,nutpā.mp3,C,Filler
ernāk,NA,ernāk.mp3,C,Filler
eskav,NA,eskav.mp3,C,Filler
ebzer,NA,ebzer.mp3,C,Filler
idkān,NA,idkān.mp3,C,Filler
āmšel,NA,āmšel.mp3,C,Filler
unzem,NA,unzem.mp3,C,Filler
ušvab,NA,ušvab.mp3,C,Filler
ipbex,NA,ipbex.mp3,C,Filler
optāx,NA,optāx.mp3,C,Filler
ānket,NA,ānket.mp3,C,Filler
efbuz,NA,efbuz.mp3,C,Filler
iktil,NA,iktil.mp3,C,Filler
ensit,NA,ensit.mp3,C,Filler
erhap,NA,erhap.mp3,C,Filler
andep,NA,andep.mp3,C,Filler
exrum,NA,exrum.mp3,C,Filler
utpān,NA,utpān.mp3,C,Filler
okyum,NA,okyum.mp3,C,Filler
otpaf,NA,otpaf.mp3,C,Filler
ivdeb,NA,ivdeb.mp3,C,Filler
ilsuv,NA,ilsuv.mp3,C,Filler
āptev,NA,āptev.mp3,C,Filler
ābsel,NA,ābsel.mp3,C,Filler
erpav,NA,erpav.mp3,C,Filler
āvnor,NA,āvnor.mp3,C,Filler
evreb,NA,evreb.mp3,C,Filler
ukmor,NA,ukmor.mp3,C,Filler
ezrul,NA,ezrul.mp3,C,Filler
apāyq,-3,apāyq.mp3,D,Stimuli
apāmd,L-2,apāmd.mp3,D,Stimuli
apāmč,-1,apāmč.mp3,D,Stimuli
apāqt,H0,apāqt.mp3,D,Stimuli
apākž,1,apākž.mp3,D,Stimuli
apāxl,L+2,apāxl.mp3,D,Stimuli
apāby,3,apāby.mp3,D,Stimuli
edeyq,-3,edeyq.mp3,D,Stimuli
edemd,L-2,edemd.mp3,D,Stimuli
edemč,-1,edemč.mp3,D,Stimuli
edeqt,H0,edeqt.mp3,D,Stimuli
edekž,1,edekž.mp3,D,Stimuli
edexl,L+2,edexl.mp3,D,Stimuli
edeby,3,edeby.mp3,D,Stimuli
ovayd,H-3,ovayd.mp3,D,Stimuli
ovarž,-2,ovarž.mp3,D,Stimuli
ovaym,L-1,ovaym.mp3,D,Stimuli
ovačj,0,ovačj.mp3,D,Stimuli
ovaks,H+1,ovaks.mp3,D,Stimuli
ovapn,2,ovapn.mp3,D,Stimuli
ova?y,L+3,ova-y.mp3,D,Stimuli
izuyd,H-3,izuyd.mp3,D,Stimuli
izurž,-2,izurž.mp3,D,Stimuli
izuym,L-1,izuym.mp3,D,Stimuli
izučj,0,izučj.mp3,D,Stimuli
izuks,H+1,izuks.mp3,D,Stimuli
izupn,2,izupn.mp3,D,Stimuli
izu?y,L+3,izu-y.mp3,D,Stimuli
esārp,-3,esārp.mp3,D,Stimuli
esārz,H-2,esārz.mp3,D,Stimuli
esāfp,-1,esāfp.mp3,D,Stimuli
esāmn,L0,esāmn.mp3,D,Stimuli
esābf,1,esābf.mp3,D,Stimuli
esākm,H+2,esākm.mp3,D,Stimuli
esāpr,3,esāpr.mp3,D,Stimuli
aterp,-3,aterp.mp3,D,Stimuli
aterz,H-2,aterz.mp3,D,Stimuli
atefp,-1,atefp.mp3,D,Stimuli
atemn,L0,atemn.mp3,D,Stimuli
atebf,1,atebf.mp3,D,Stimuli
atekm,H+2,atekm.mp3,D,Stimuli
atepr,3,atepr.mp3,D,Stimuli
āvey?,L-3,āvey-.mp3,D,Stimuli
āvemk,-2,āvemk.mp3,D,Stimuli
āvenj,H-1,āvenj.mp3,D,Stimuli
āvešz,0,āvešz.mp3,D,Stimuli
āvefn,L+1,āvefn.mp3,D,Stimuli
āvečr,2,āvečr.mp3,D,Stimuli
āveql,H+3,āveql.mp3,D,Stimuli
ojuy?,L-3,ojuy-.mp3,D,Stimuli
ojumk,-2,ojumk.mp3,D,Stimuli
ojunj,H-1,ojunj.mp3,D,Stimuli
ojušz,0,ojušz.mp3,D,Stimuli
ojufn,L+1,ojufn.mp3,D,Stimuli
ojučr,2,ojučr.mp3,D,Stimuli
ojuql,H+3,ojuql.mp3,D,Stimuli
eqāyp,-3,eqāyp.mp3,D,Stimuli
eqāls,L-2,eqāls.mp3,D,Stimuli
eqāmf,-1,eqāmf.mp3,D,Stimuli
eqāfš,H0,eqāfš.mp3,D,Stimuli
eqāmy,1,eqāmy.mp3,D,Stimuli
eqāfy,L+2,eqāfy.mp3,D,Stimuli
eqāky,3,eqāky.mp3,D,Stimuli
ileyp,-3,ileyp.mp3,D,Stimuli
ibels,L-2,ibels.mp3,D,Stimuli
ilemf,-1,ilemf.mp3,D,Stimuli
ilefš,H0,ilefš.mp3,D,Stimuli
ilemy,1,ilemy.mp3,D,Stimuli
ilefy,L+2,ilefy.mp3,D,Stimuli
ileky,3,ileky.mp3,D,Stimuli
očārd,H-3,očārd.mp3,D,Stimuli
očārh,-2,očārh.mp3,D,Stimuli
očāfq,L-1,očāfq.mp3,D,Stimuli
očādp,0,očādp.mp3,D,Stimuli
očāsm,H+1,očāsm.mp3,D,Stimuli
očāšl,2,očāšl.mp3,D,Stimuli
očādl,L+3,očādl.mp3,D,Stimuli
āgurd,H-3,āgurd.mp3,D,Stimuli
āgurh,-2,āgurh.mp3,D,Stimuli
āgufq,L-1,āgufq.mp3,D,Stimuli
āgudp,0,āgudp.mp3,D,Stimuli
āgusm,H+1,āgusm.mp3,D,Stimuli
āgušl,2,āgušl.mp3,D,Stimuli
āgudl,L+3,āgudl.mp3,D,Stimuli
efulg,-3,efulg.mp3,D,Stimuli
efund,H-2,efund.mp3,D,Stimuli
efučb,-1,efučb.mp3,D,Stimuli
efuyr,L0,efuyr.mp3,D,Stimuli
efujn,1,efujn.mp3,D,Stimuli
efuhr,H+2,efuhr.mp3,D,Stimuli
efupl,3,efupl.mp3,D,Stimuli
ivalg,-3,ivalg.mp3,D,Stimuli
ivand,H-2,ivand.mp3,D,Stimuli
ivačb,-1,ivačb.mp3,D,Stimuli
ivayr,L0,ivayr.mp3,D,Stimuli
ivajn,1,ivajn.mp3,D,Stimuli
ivahr,H+2,ivahr.mp3,D,Stimuli
ivapl,3,ivapl.mp3,D,Stimuli
oxel?,L-3,oxel-.mp3,D,Stimuli
oxelz,-2,oxelz.mp3,D,Stimuli
oxest,H-1,oxest.mp3,D,Stimuli
oxenm,0,oxenm.mp3,D,Stimuli
oxeds,L+1,oxeds.mp3,D,Stimuli
oxedm,2,oxedm.mp3,D,Stimuli
oxetr,H+3,oxetr.mp3,D,Stimuli
ibul?,L-3,ibul-.mp3,D,Stimuli
ibulz,-2,ibulz.mp3,D,Stimuli
ibust,H-1,ibust.mp3,D,Stimuli
ibunm,0,ibunm.mp3,D,Stimuli
ibuds,L+1,ibuds.mp3,D,Stimuli
ibudm,2,ibudm.mp3,D,Stimuli
ibutr,H+3,ibutr.mp3,D,Stimuli
šebal,NA,šebal.mp3,D,Filler
fedār,NA,fedār.mp3,D,Filler
vorād,NA,vorād.mp3,D,Filler
dakin,NA,dakin.mp3,D,Filler
rifam,NA,rifam.mp3,D,Filler
dāzoh,NA,dāzoh.mp3,D,Filler
besap,NA,besap.mp3,D,Filler
xeqad,NA,xeqad.mp3,D,Filler
zišax,NA,zišax.mp3,D,Filler
lārad,NA,lārad.mp3,D,Filler
soxāv,NA,soxāv.mp3,D,Filler
raqoj,NA,raqoj.mp3,D,Filler
sabay,NA,sabay.mp3,D,Filler
sidoq,NA,sidoq.mp3,D,Filler
yaboq,NA,yaboq.mp3,D,Filler
čepom,NA,čepom.mp3,D,Filler
rekem,NA,rekem.mp3,D,Filler
votik,NA,votik.mp3,D,Filler
šemag,NA,šemag.mp3,D,Filler
xasāp,NA,xasāp.mp3,D,Filler
rekup,NA,rekup.mp3,D,Filler
rulez,NA,rulez.mp3,D,Filler
selāb,NA,selāb.mp3,D,Filler
larib,NA,larib.mp3,D,Filler
kaves,NA,kaves.mp3,D,Filler
xerum,NA,xerum.mp3,D,Filler
debiv,NA,debiv.mp3,D,Filler
suvil,NA,suvil.mp3,D,Filler
lesfep,NA,lesfep.mp3,D,Filler
da?bal,NA,da-bal.mp3,D,Filler
kānbur,NA,kānbur.mp3,D,Filler
pavker,NA,pavker.mp3,D,Filler
jexpim,NA,jexpim.mp3,D,Filler
karyap,NA,karyap.mp3,D,Filler
nākzer,NA,nākzer.mp3,D,Filler
lagnay,NA,lagnay.mp3,D,Filler
surpāf,NA,surpāf.mp3,D,Filler
dekvan,NA,dekvan.mp3,D,Filler
čeqvum,NA,čeqvum.mp3,D,Filler
tuhnip,NA,tuhnip.mp3,D,Filler
yinrāk,NA,yinrāk.mp3,D,Filler
zelteb,NA,zelteb.mp3,D,Filler
pagnuy,NA,pagnuy.mp3,D,Filler
sebyon,NA,sebyon.mp3,D,Filler
fadrun,NA,fadrun.mp3,D,Filler
tekmaš,NA,tekmaš.mp3,D,Filler
fa?yin,NA,fa-yin.mp3,D,Filler
mābfav,NA,mābfav.mp3,D,Filler
dāpxas,NA,dāpxas.mp3,D,Filler
māvkep,NA,māvkep.mp3,D,Filler
kumfad,NA,kumfad.mp3,D,Filler
emrek,NA,emrek.mp3,D,Filler
šāpzef,NA,šāpzef.mp3,D,Filler
guprek,NA,guprek.mp3,D,Filler
zibdef,NA,zibdef.mp3,D,Filler
napsih,NA,napsih.mp3,D,Filler
tokša,NA,tokša.mp3,D,Filler
defbi,NA,defbi.mp3,D,Filler
kānze,NA,kānze.mp3,D,Filler
rābqe,NA,rābqe.mp3,D,Filler
givše,NA,givše.mp3,D,Filler
rivre,NA,rivre.mp3,D,Filler
pible,NA,pible.mp3,D,Filler
tāpfo,NA,tāpfo.mp3,D,Filler
teqnā,NA,teqnā.mp3,D,Filler
febdu,NA,febdu.mp3,D,Filler
lidnā,NA,lidnā.mp3,D,Filler
dāzke,NA,dāzke.mp3,D,Filler
xezbā,NA,xezbā.mp3,D,Filler
yarši,NA,yarši.mp3,D,Filler
tigre,NA,tigre.mp3,D,Filler
tevpā,NA,tevpā.mp3,D,Filler
vetre,NA,vetre.mp3,D,Filler
rāvlā,NA,rāvlā.mp3,D,Filler
bāxze,NA,bāxze.mp3,D,Filler
nāšvi,NA,nāšvi.mp3,D,Filler
lāmše,NA,lāmše.mp3,D,Filler
vapšu,NA,vapšu.mp3,D,Filler
gepsā,NA,gepsā.mp3,D,Filler
morku,NA,morku.mp3,D,Filler
norvā,NA,norvā.mp3,D,Filler
fijpe,NA,fijpe.mp3,D,Filler
yarget,NA,yarget.mp3,D,Filler
nutpā,NA,nutpā.mp3,D,Filler
ernāk,NA,ernāk.mp3,D,Filler
eskav,NA,eskav.mp3,D,Filler
ebzer,NA,ebzer.mp3,D,Filler
idkān,NA,idkān.mp3,D,Filler
āmšel,NA,āmšel.mp3,D,Filler
unzem,NA,unzem.mp3,D,Filler
ušvab,NA,ušvab.mp3,D,Filler
ipbex,NA,ipbex.mp3,D,Filler
optāx,NA,optāx.mp3,D,Filler
ānket,NA,ānket.mp3,D,Filler
efbuz,NA,efbuz.mp3,D,Filler
iktil,NA,iktil.mp3,D,Filler
ensit,NA,ensit.mp3,D,Filler
erhap,NA,erhap.mp3,D,Filler
andep,NA,andep.mp3,D,Filler
exrum,NA,exrum.mp3,D,Filler
utpān,NA,utpān.mp3,D,Filler
okyum,NA,okyum.mp3,D,Filler
otpaf,NA,otpaf.mp3,D,Filler
ivdeb,NA,ivdeb.mp3,D,Filler
ilsuv,NA,ilsuv.mp3,D,Filler
āptev,NA,āptev.mp3,D,Filler
ābsel,NA,ābsel.mp3,D,Filler
erpav,NA,erpav.mp3,D,Filler
āvnor,NA,āvnor.mp3,D,Filler
evreb,NA,evreb.mp3,D,Filler
ukmor,NA,ukmor.mp3,D,Filler
ezrul,NA,ezrul.mp3,D,Filler
apāyd,H-3,apāyd.mp3,E,Stimuli
apārž,-2,apārž.mp3,E,Stimuli
apāym,L-1,apāym.mp3,E,Stimuli
apāčj,0,apāčj.mp3,E,Stimuli
apāks,H+1,apāks.mp3,E,Stimuli
apāpn,2,apāpn.mp3,E,Stimuli
apā?y,L+3,apā-y.mp3,E,Stimuli
edeyd,H-3,edeyd.mp3,E,Stimuli
ederž,-2,ederž.mp3,E,Stimuli
edeym,L-1,edeym.mp3,E,Stimuli
edečj,0,edečj.mp3,E,Stimuli
edeks,H+1,edeks.mp3,E,Stimuli
edepn,2,edepn.mp3,E,Stimuli
ede?y,L+3,ede-y.mp3,E,Stimuli
ovarp,-3,ovarp.mp3,E,Stimuli
ovarz,H-2,ovarz.mp3,E,Stimuli
ovafp,-1,ovafp.mp3,E,Stimuli
ovamn,L0,ovamn.mp3,E,Stimuli
ovabf,1,ovabf.mp3,E,Stimuli
ovakm,H+2,ovakm.mp3,E,Stimuli
ovapr,3,ovapr.mp3,E,Stimuli
izurp,-3,izurp.mp3,E,Stimuli
izurz,H-2,izurz.mp3,E,Stimuli
izufp,-1,izufp.mp3,E,Stimuli
izumn,L0,izumn.mp3,E,Stimuli
izubf,1,izubf.mp3,E,Stimuli
izukm,H+2,izukm.mp3,E,Stimuli
izupr,3,izupr.mp3,E,Stimuli
esāy?,L-3,esāy-.mp3,E,Stimuli
esāmk,-2,esāmk.mp3,E,Stimuli
esānj,H-1,esānj.mp3,E,Stimuli
esāšz,0,esāšz.mp3,E,Stimuli
esāfn,L+1,esāfn.mp3,E,Stimuli
esāčr,2,esāčr.mp3,E,Stimuli
esāql,H+3,esāql.mp3,E,Stimuli
atey?,L-3,atey-.mp3,E,Stimuli
atemk,-2,atemk.mp3,E,Stimuli
atenj,H-1,atenj.mp3,E,Stimuli
atešz,0,atešz.mp3,E,Stimuli
atefn,L+1,atefn.mp3,E,Stimuli
atečr,2,atečr.mp3,E,Stimuli
ateql,H+3,ateql.mp3,E,Stimuli
āveyp,-3,āveyp.mp3,E,Stimuli
āvels,L-2,āvels.mp3,E,Stimuli
āvemf,-1,āvemf.mp3,E,Stimuli
āvefš,H0,āvefš.mp3,E,Stimuli
āvemy,1,āvemy.mp3,E,Stimuli
āvefy,L+2,āvefy.mp3,E,Stimuli
āveky,3,āveky.mp3,E,Stimuli
ojuyp,-3,ojuyp.mp3,E,Stimuli
ojuls,L-2,ojuls.mp3,E,Stimuli
ojumf,-1,ojumf.mp3,E,Stimuli
ojufš,H0,ojufš.mp3,E,Stimuli
ojumy,1,ojumy.mp3,E,Stimuli
ojufy,L+2,ojufy.mp3,E,Stimuli
ojuky,3,ojuky.mp3,E,Stimuli
eqārd,H-3,eqārd.mp3,E,Stimuli
eqārh,-2,eqārh.mp3,E,Stimuli
eqāfq,L-1,eqāfq.mp3,E,Stimuli
eqādp,0,eqādp.mp3,E,Stimuli
eqāsm,H+1,eqāsm.mp3,E,Stimuli
eqāšl,2,eqāšl.mp3,E,Stimuli
eqādl,L+3,eqādl.mp3,E,Stimuli
ilerd,H-3,ilerd.mp3,E,Stimuli
ilerh,-2,ilerh.mp3,E,Stimuli
ilefq,L-1,ilefq.mp3,E,Stimuli
iledp,0,iledp.mp3,E,Stimuli
ilesm,H+1,ilesm.mp3,E,Stimuli
ilešl,2,ilešl.mp3,E,Stimuli
iledl,L+3,iledl.mp3,E,Stimuli
očālg,-3,očālg.mp3,E,Stimuli
očānd,H-2,očānd.mp3,E,Stimuli
orāčb,-1,orāčb.mp3,E,Stimuli
očāyr,L0,očāyr.mp3,E,Stimuli
očājn,1,očājn.mp3,E,Stimuli
očāhr,H+2,očāhr.mp3,E,Stimuli
očāpl,3,očāpl.mp3,E,Stimuli
āgulg,-3,āgulg.mp3,E,Stimuli
āgund,H-2,āgund.mp3,E,Stimuli
āgučb,-1,āgučb.mp3,E,Stimuli
āguyr,L0,āguyr.mp3,E,Stimuli
āgujn,1,āgujn.mp3,E,Stimuli
āguhr,H+2,āguhr.mp3,E,Stimuli
āgupl,3,āgupl.mp3,E,Stimuli
eful?,L-3,eful-.mp3,E,Stimuli
efulz,-2,efulz.mp3,E,Stimuli
efust,H-1,efust.mp3,E,Stimuli
efunm,0,efunm.mp3,E,Stimuli
efuds,L+1,efuds.mp3,E,Stimuli
efudm,2,efudm.mp3,E,Stimuli
efutr,H+3,efutr.mp3,E,Stimuli
ival?,L-3,ival-.mp3,E,Stimuli
ivalz,-2,ivalz.mp3,E,Stimuli
ivast,H-1,ivast.mp3,E,Stimuli
ivanm,0,ivanm.mp3,E,Stimuli
ivads,L+1,ivads.mp3,E,Stimuli
ivadm,2,ivadm.mp3,E,Stimuli
ivatr,H+3,ivatr.mp3,E,Stimuli
oxeyq,-3,oxeyq.mp3,E,Stimuli
oxemd,L-2,oxemd.mp3,E,Stimuli
oxemč,-1,oxemč.mp3,E,Stimuli
oxeqt,H0,oxeqt.mp3,E,Stimuli
oxekž,1,oxekž.mp3,E,Stimuli
orexl,L+2,orexl.mp3,E,Stimuli
oxeby,3,oxeby.mp3,E,Stimuli
ibuyq,-3,ibuyq.mp3,E,Stimuli
ibumd,L-2,ibumd.mp3,E,Stimuli
ibumč,-1,ibumč.mp3,E,Stimuli
ibuqt,H0,ibuqt.mp3,E,Stimuli
ibukž,1,ibukž.mp3,E,Stimuli
ibuxl,L+2,ibuxl.mp3,E,Stimuli
iruby,3,iruby.mp3,E,Stimuli
šebal,NA,šebal.mp3,E,Filler
fedār,NA,fedār.mp3,E,Filler
vorād,NA,vorād.mp3,E,Filler
dakin,NA,dakin.mp3,E,Filler
rifam,NA,rifam.mp3,E,Filler
dāzoh,NA,dāzoh.mp3,E,Filler
besap,NA,besap.mp3,E,Filler
xeqad,NA,xeqad.mp3,E,Filler
zišax,NA,zišax.mp3,E,Filler
lārad,NA,lārad.mp3,E,Filler
soxāv,NA,soxāv.mp3,E,Filler
raqoj,NA,raqoj.mp3,E,Filler
sabay,NA,sabay.mp3,E,Filler
sidoq,NA,sidoq.mp3,E,Filler
yaboq,NA,yaboq.mp3,E,Filler
čepom,NA,čepom.mp3,E,Filler
rekem,NA,rekem.mp3,E,Filler
votik,NA,votik.mp3,E,Filler
šemag,NA,šemag.mp3,E,Filler
xasāp,NA,xasāp.mp3,E,Filler
rekup,NA,rekup.mp3,E,Filler
rulez,NA,rulez.mp3,E,Filler
selāb,NA,selāb.mp3,E,Filler
larib,NA,larib.mp3,E,Filler
kaves,NA,kaves.mp3,E,Filler
xerum,NA,xerum.mp3,E,Filler
debiv,NA,debiv.mp3,E,Filler
suvil,NA,suvil.mp3,E,Filler
lesfep,NA,lesfep.mp3,E,Filler
da?bal,NA,da-bal.mp3,E,Filler
kānbur,NA,kānbur.mp3,E,Filler
pavker,NA,pavker.mp3,E,Filler
jexpim,NA,jexpim.mp3,E,Filler
karyap,NA,karyap.mp3,E,Filler
nākzer,NA,nākzer.mp3,E,Filler
lagnay,NA,lagnay.mp3,E,Filler
surpāf,NA,surpāf.mp3,E,Filler
dekvan,NA,dekvan.mp3,E,Filler
čeqvum,NA,čeqvum.mp3,E,Filler
tuhnip,NA,tuhnip.mp3,E,Filler
yinrāk,NA,yinrāk.mp3,E,Filler
zelteb,NA,zelteb.mp3,E,Filler
pagnuy,NA,pagnuy.mp3,E,Filler
sebyon,NA,sebyon.mp3,E,Filler
fadrun,NA,fadrun.mp3,E,Filler
tekmaš,NA,tekmaš.mp3,E,Filler
fa?yin,NA,fa-yin.mp3,E,Filler
mābfav,NA,mābfav.mp3,E,Filler
dāpxas,NA,dāpxas.mp3,E,Filler
māvkep,NA,māvkep.mp3,E,Filler
kumfad,NA,kumfad.mp3,E,Filler
emrek,NA,emrek.mp3,E,Filler
šāpzef,NA,šāpzef.mp3,E,Filler
guprek,NA,guprek.mp3,E,Filler
zibdef,NA,zibdef.mp3,E,Filler
napsih,NA,napsih.mp3,E,Filler
tokša,NA,tokša.mp3,E,Filler
defbi,NA,defbi.mp3,E,Filler
kānze,NA,kānze.mp3,E,Filler
rābqe,NA,rābqe.mp3,E,Filler
givše,NA,givše.mp3,E,Filler
rivre,NA,rivre.mp3,E,Filler
pible,NA,pible.mp3,E,Filler
tāpfo,NA,tāpfo.mp3,E,Filler
teqnā,NA,teqnā.mp3,E,Filler
febdu,NA,febdu.mp3,E,Filler
lidnā,NA,lidnā.mp3,E,Filler
dāzke,NA,dāzke.mp3,E,Filler
xezbā,NA,xezbā.mp3,E,Filler
yarši,NA,yarši.mp3,E,Filler
tigre,NA,tigre.mp3,E,Filler
tevpā,NA,tevpā.mp3,E,Filler
vetre,NA,vetre.mp3,E,Filler
rāvlā,NA,rāvlā.mp3,E,Filler
bāxze,NA,bāxze.mp3,E,Filler
nāšvi,NA,nāšvi.mp3,E,Filler
lāmše,NA,lāmše.mp3,E,Filler
vapšu,NA,vapšu.mp3,E,Filler
gepsā,NA,gepsā.mp3,E,Filler
morku,NA,morku.mp3,E,Filler
norvā,NA,norvā.mp3,E,Filler
fijpe,NA,fijpe.mp3,E,Filler
yarget,NA,yarget.mp3,E,Filler
nutpā,NA,nutpā.mp3,E,Filler
ernāk,NA,ernāk.mp3,E,Filler
eskav,NA,eskav.mp3,E,Filler
ebzer,NA,ebzer.mp3,E,Filler
idkān,NA,idkān.mp3,E,Filler
āmšel,NA,āmšel.mp3,E,Filler
unzem,NA,unzem.mp3,E,Filler
ušvab,NA,ušvab.mp3,E,Filler
ipbex,NA,ipbex.mp3,E,Filler
optāx,NA,optāx.mp3,E,Filler
ānket,NA,ānket.mp3,E,Filler
efbuz,NA,efbuz.mp3,E,Filler
iktil,NA,iktil.mp3,E,Filler
ensit,NA,ensit.mp3,E,Filler
erhap,NA,erhap.mp3,E,Filler
andep,NA,andep.mp3,E,Filler
exrum,NA,exrum.mp3,E,Filler
utpān,NA,utpān.mp3,E,Filler
okyum,NA,okyum.mp3,E,Filler
otpaf,NA,otpaf.mp3,E,Filler
ivdeb,NA,ivdeb.mp3,E,Filler
ilsuv,NA,ilsuv.mp3,E,Filler
āptev,NA,āptev.mp3,E,Filler
ābsel,NA,ābsel.mp3,E,Filler
erpav,NA,erpav.mp3,E,Filler
āvnor,NA,āvnor.mp3,E,Filler
evreb,NA,evreb.mp3,E,Filler
ukmor,NA,ukmor.mp3,E,Filler
ezrul,NA,ezrul.mp3,E,Filler
apārp,-3,apārp.mp3,F,Stimuli
apārz,H-2,apārz.mp3,F,Stimuli
apāfp,-1,apāfp.mp3,F,Stimuli
apāmn,L0,apāmn.mp3,F,Stimuli
apābf,1,apābf.mp3,F,Stimuli
apākm,H+2,apākm.mp3,F,Stimuli
afāpr,3,afāpr.mp3,F,Stimuli
ederp,-3,ederp.mp3,F,Stimuli
ederz,H-2,ederz.mp3,F,Stimuli
edefp,-1,edefp.mp3,F,Stimuli
edemn,L0,edemn.mp3,F,Stimuli
edebf,1,edebf.mp3,F,Stimuli
edekm,H+2,edekm.mp3,F,Stimuli
edepr,3,edepr.mp3,F,Stimuli
ovay?,L-3,ovay-.mp3,F,Stimuli
ovamk,-2,ovamk.mp3,F,Stimuli
ovanj,H-1,ovanj.mp3,F,Stimuli
ovašz,0,ovašz.mp3,F,Stimuli
ovafn,L+1,ovafn.mp3,F,Stimuli
ovačr,2,ovačr.mp3,F,Stimuli
ovaql,H+3,ovaql.mp3,F,Stimuli
izuy?,L-3,izuy-.mp3,F,Stimuli
izumk,-2,izumk.mp3,F,Stimuli
izunj,H-1,izunj.mp3,F,Stimuli
izušz,0,izušz.mp3,F,Stimuli
izufn,L+1,izufn.mp3,F,Stimuli
izučr,2,izučr.mp3,F,Stimuli
izuql,H+3,izuql.mp3,F,Stimuli
esāyp,-3,esāyp.mp3,F,Stimuli
esāls,L-2,esāls.mp3,F,Stimuli
esāmf,-1,esāmf.mp3,F,Stimuli
esāfš,H0,esāfš.mp3,F,Stimuli
esāmy,1,esāmy.mp3,F,Stimuli
esāfy,L+2,esāfy.mp3,F,Stimuli
esāky,3,esāky.mp3,F,Stimuli
ateyp,-3,ateyp.mp3,F,Stimuli
atels,L-2,atels.mp3,F,Stimuli
atemf,-1,atemf.mp3,F,Stimuli
atefš,H0,atefš.mp3,F,Stimuli
atemy,1,atemy.mp3,F,Stimuli
atefy,L+2,atefy.mp3,F,Stimuli
ateky,3,ateky.mp3,F,Stimuli
āverd,H-3,āverd.mp3,F,Stimuli
āverh,-2,āverh.mp3,F,Stimuli
āvefq,L-1,āvefq.mp3,F,Stimuli
āvedp,0,āvedp.mp3,F,Stimuli
āvesm,H+1,āvesm.mp3,F,Stimuli
āvešl,2,āvešl.mp3,F,Stimuli
āvedl,L+3,āvedl.mp3,F,Stimuli
ojurd,H-3,ojurd.mp3,F,Stimuli
ojurh,-2,ojurh.mp3,F,Stimuli
ojufq,L-1,ojufq.mp3,F,Stimuli
ojudp,0,ojudp.mp3,F,Stimuli
ojusm,H+1,ojusm.mp3,F,Stimuli
ojušl,2,ojušl.mp3,F,Stimuli
ojudl,L+3,ojudl.mp3,F,Stimuli
eqālg,-3,eqālg.mp3,F,Stimuli
eqānd,H-2,eqānd.mp3,F,Stimuli
eqāčb,-1,eqāčb.mp3,F,Stimuli
eqāyr,L0,eqāyr.mp3,F,Stimuli
eqājn,1,eqājn.mp3,F,Stimuli
eqāhr,H+2,eqāhr.mp3,F,Stimuli
eqāpl,3,eqāpl.mp3,F,Stimuli
izelg,-3,izelg.mp3,F,Stimuli
ilend,H-2,ilend.mp3,F,Stimuli
ilečb,-1,ilečb.mp3,F,Stimuli
ileyr,L0,ileyr.mp3,F,Stimuli
ilejn,1,ilejn.mp3,F,Stimuli
ilehr,H+2,ilehr.mp3,F,Stimuli
ilepl,3,ilepl.mp3,F,Stimuli
očāl?,L-3,očāl-.mp3,F,Stimuli
očālz,-2,očālz.mp3,F,Stimuli
očāst,H-1,očāst.mp3,F,Stimuli
očānm,0,očānm.mp3,F,Stimuli
očāds,L+1,očāds.mp3,F,Stimuli
očādm,2,očādm.mp3,F,Stimuli
očātr,H+3,očātr.mp3,F,Stimuli
āgul?,L-3,āgul-.mp3,F,Stimuli
āgulz,-2,āgulz.mp3,F,Stimuli
āgust,H-1,āgust.mp3,F,Stimuli
āgunm,0,āgunm.mp3,F,Stimuli
āguds,L+1,āguds.mp3,F,Stimuli
āgudm,2,āgudm.mp3,F,Stimuli
āgutr,H+3,āgutr.mp3,F,Stimuli
efuyq,-3,efuyq.mp3,F,Stimuli
efumd,L-2,efumd.mp3,F,Stimuli
efumč,-1,efumč.mp3,F,Stimuli
efuqt,H0,efuqt.mp3,F,Stimuli
efukž,1,efukž.mp3,F,Stimuli
efuxl,L+2,efuxl.mp3,F,Stimuli
efuby,3,efuby.mp3,F,Stimuli
ivayq,-3,ivayq.mp3,F,Stimuli
ivamd,L-2,ivamd.mp3,F,Stimuli
ivamč,-1,ivamč.mp3,F,Stimuli
iraqt,H0,iraqt.mp3,F,Stimuli
ivakž,1,ivakž.mp3,F,Stimuli
ivaxl,L+2,ivaxl.mp3,F,Stimuli
ivaby,3,ivaby.mp3,F,Stimuli
oxeyd,H-3,oxeyd.mp3,F,Stimuli
oxerž,-2,oxerž.mp3,F,Stimuli
oxeym,L-1,oxeym.mp3,F,Stimuli
oxečj,0,oxečj.mp3,F,Stimuli
oxeks,H+1,oxeks.mp3,F,Stimuli
oxepn,2,oxepn.mp3,F,Stimuli
oxe?y,L+3,oxe-y.mp3,F,Stimuli
ibuyd,H-3,ibuyd.mp3,F,Stimuli
iburž,-2,iburž.mp3,F,Stimuli
ibuym,L-1,ibuym.mp3,F,Stimuli
ibučj,0,ibučj.mp3,F,Stimuli
ibuks,H+1,ibuks.mp3,F,Stimuli
ibupn,2,ibupn.mp3,F,Stimuli
ibu?y,L+3,ibu-y.mp3,F,Stimuli
šebal,NA,šebal.mp3,F,Filler
fedār,NA,fedār.mp3,F,Filler
vorād,NA,vorād.mp3,F,Filler
dakin,NA,dakin.mp3,F,Filler
rifam,NA,rifam.mp3,F,Filler
dāzoh,NA,dāzoh.mp3,F,Filler
besap,NA,besap.mp3,F,Filler
xeqad,NA,xeqad.mp3,F,Filler
zišax,NA,zišax.mp3,F,Filler
lārad,NA,lārad.mp3,F,Filler
soxāv,NA,soxāv.mp3,F,Filler
raqoj,NA,raqoj.mp3,F,Filler
sabay,NA,sabay.mp3,F,Filler
sidoq,NA,sidoq.mp3,F,Filler
yaboq,NA,yaboq.mp3,F,Filler
čepom,NA,čepom.mp3,F,Filler
rekem,NA,rekem.mp3,F,Filler
votik,NA,votik.mp3,F,Filler
šemag,NA,šemag.mp3,F,Filler
xasāp,NA,xasāp.mp3,F,Filler
rekup,NA,rekup.mp3,F,Filler
rulez,NA,rulez.mp3,F,Filler
selāb,NA,selāb.mp3,F,Filler
larib,NA,larib.mp3,F,Filler
kaves,NA,kaves.mp3,F,Filler
xerum,NA,xerum.mp3,F,Filler
debiv,NA,debiv.mp3,F,Filler
suvil,NA,suvil.mp3,F,Filler
lesfep,NA,lesfep.mp3,F,Filler
da?bal,NA,da-bal.mp3,F,Filler
kānbur,NA,kānbur.mp3,F,Filler
pavker,NA,pavker.mp3,F,Filler
jexpim,NA,jexpim.mp3,F,Filler
karyap,NA,karyap.mp3,F,Filler
nākzer,NA,nākzer.mp3,F,Filler
lagnay,NA,lagnay.mp3,F,Filler
surpāf,NA,surpāf.mp3,F,Filler
dekvan,NA,dekvan.mp3,F,Filler
čeqvum,NA,čeqvum.mp3,F,Filler
tuhnip,NA,tuhnip.mp3,F,Filler
yinrāk,NA,yinrāk.mp3,F,Filler
zelteb,NA,zelteb.mp3,F,Filler
pagnuy,NA,pagnuy.mp3,F,Filler
sebyon,NA,sebyon.mp3,F,Filler
fadrun,NA,fadrun.mp3,F,Filler
tekmaš,NA,tekmaš.mp3,F,Filler
fa?yin,NA,fa-yin.mp3,F,Filler
mābfav,NA,mābfav.mp3,F,Filler
dāpxas,NA,dāpxas.mp3,F,Filler
māvkep,NA,māvkep.mp3,F,Filler
kumfad,NA,kumfad.mp3,F,Filler
emrek,NA,emrek.mp3,F,Filler
šāpzef,NA,šāpzef.mp3,F,Filler
guprek,NA,guprek.mp3,F,Filler
zibdef,NA,zibdef.mp3,F,Filler
napsih,NA,napsih.mp3,F,Filler
tokša,NA,tokša.mp3,F,Filler
defbi,NA,defbi.mp3,F,Filler
kānze,NA,kānze.mp3,F,Filler
rābqe,NA,rābqe.mp3,F,Filler
givše,NA,givše.mp3,F,Filler
rivre,NA,rivre.mp3,F,Filler
pible,NA,pible.mp3,F,Filler
tāpfo,NA,tāpfo.mp3,F,Filler
teqnā,NA,teqnā.mp3,F,Filler
febdu,NA,febdu.mp3,F,Filler
lidnā,NA,lidnā.mp3,F,Filler
dāzke,NA,dāzke.mp3,F,Filler
xezbā,NA,xezbā.mp3,F,Filler
yarši,NA,yarši.mp3,F,Filler
tigre,NA,tigre.mp3,F,Filler
tevpā,NA,tevpā.mp3,F,Filler
vetre,NA,vetre.mp3,F,Filler
rāvlā,NA,rāvlā.mp3,F,Filler
bāxze,NA,bāxze.mp3,F,Filler
nāšvi,NA,nāšvi.mp3,F,Filler
lāmše,NA,lāmše.mp3,F,Filler
vapšu,NA,vapšu.mp3,F,Filler
gepsā,NA,gepsā.mp3,F,Filler
morku,NA,morku.mp3,F,Filler
norvā,NA,norvā.mp3,F,Filler
fijpe,NA,fijpe.mp3,F,Filler
yarget,NA,yarget.mp3,F,Filler
nutpā,NA,nutpā.mp3,F,Filler
ernāk,NA,ernāk.mp3,F,Filler
eskav,NA,eskav.mp3,F,Filler
ebzer,NA,ebzer.mp3,F,Filler
idkān,NA,idkān.mp3,F,Filler
āmšel,NA,āmšel.mp3,F,Filler
unzem,NA,unzem.mp3,F,Filler
ušvab,NA,ušvab.mp3,F,Filler
ipbex,NA,ipbex.mp3,F,Filler
optāx,NA,optāx.mp3,F,Filler
ānket,NA,ānket.mp3,F,Filler
efbuz,NA,efbuz.mp3,F,Filler
iktil,NA,iktil.mp3,F,Filler
ensit,NA,ensit.mp3,F,Filler
erhap,NA,erhap.mp3,F,Filler
andep,NA,andep.mp3,F,Filler
exrum,NA,exrum.mp3,F,Filler
utpān,NA,utpān.mp3,F,Filler
okyum,NA,okyum.mp3,F,Filler
otpaf,NA,otpaf.mp3,F,Filler
ivdeb,NA,ivdeb.mp3,F,Filler
ilsuv,NA,ilsuv.mp3,F,Filler
āptev,NA,āptev.mp3,F,Filler
ābsel,NA,ābsel.mp3,F,Filler
erpav,NA,erpav.mp3,F,Filler
āvnor,NA,āvnor.mp3,F,Filler
evreb,NA,evreb.mp3,F,Filler
ukmor,NA,ukmor.mp3,F,Filler
ezrul,NA,ezrul.mp3,F,Filler
apāy?,L-3,apāy-.mp3,G,Stimuli
apāmk,-2,apāmk.mp3,G,Stimuli
apānj,H-1,apānj.mp3,G,Stimuli
apāšz,0,apāšz.mp3,G,Stimuli
apāfn,L+1,apāfn.mp3,G,Stimuli
apāčr,2,apāčr.mp3,G,Stimuli
apāql,H+3,apāql.mp3,G,Stimuli
edey?,L-3,edey-.mp3,G,Stimuli
edemk,-2,edemk.mp3,G,Stimuli
edenj,H-1,edenj.mp3,G,Stimuli
edešz,0,edešz.mp3,G,Stimuli
edefn,L+1,edefn.mp3,G,Stimuli
edečr,2,edečr.mp3,G,Stimuli
edeql,H+3,edeql.mp3,G,Stimuli
ovayp,-3,ovayp.mp3,G,Stimuli
ovals,L-2,ovals.mp3,G,Stimuli
ovamf,-1,ovamf.mp3,G,Stimuli
ovafš,H0,ovafš.mp3,G,Stimuli
ovamy,1,ovamy.mp3,G,Stimuli
ovafy,L+2,ovafy.mp3,G,Stimuli
ovaky,3,ovaky.mp3,G,Stimuli
izuyp,-3,izuyp.mp3,G,Stimuli
izuls,L-2,izuls.mp3,G,Stimuli
izumf,-1,izumf.mp3,G,Stimuli
izufš,H0,izufš.mp3,G,Stimuli
izumy,1,izumy.mp3,G,Stimuli
izufy,L+2,izufy.mp3,G,Stimuli
izuky,3,izuky.mp3,G,Stimuli
esārd,H-3,esārd.mp3,G,Stimuli
esārh,-2,esārh.mp3,G,Stimuli
esāfq,L-1,esāfq.mp3,G,Stimuli
esādp,0,esādp.mp3,G,Stimuli
elāsm,H+1,elāsm.mp3,G,Stimuli
esāšl,2,esāšl.mp3,G,Stimuli
esādl,L+3,esādl.mp3,G,Stimuli
aterd,H-3,aterd.mp3,G,Stimuli
aterh,-2,aterh.mp3,G,Stimuli
atefq,L-1,atefq.mp3,G,Stimuli
atedp,0,atedp.mp3,G,Stimuli
atesm,H+1,atesm.mp3,G,Stimuli
atešl,2,atešl.mp3,G,Stimuli
atedl,L+3,atedl.mp3,G,Stimuli
āvelg,-3,āvelg.mp3,G,Stimuli
āvend,H-2,āvend.mp3,G,Stimuli
āvečb,-1,āvečb.mp3,G,Stimuli
āveyr,L0,āveyr.mp3,G,Stimuli
āvejn,1,āvejn.mp3,G,Stimuli
āvehr,H+2,āvehr.mp3,G,Stimuli
āvepl,3,āvepl.mp3,G,Stimuli
ojulg,-3,ojulg.mp3,G,Stimuli
ojund,H-2,ojund.mp3,G,Stimuli
ojučb,-1,ojučb.mp3,G,Stimuli
ojuyr,L0,ojuyr.mp3,G,Stimuli
olujn,1,olujn.mp3,G,Stimuli
ojuhr,H+2,ojuhr.mp3,G,Stimuli
ojupl,3,ojupl.mp3,G,Stimuli
eqāl?,L-3,eqāl-.mp3,G,Stimuli
eqālz,-2,eqālz.mp3,G,Stimuli
eqāst,H-1,eqāst.mp3,G,Stimuli
eqānm,0,eqānm.mp3,G,Stimuli
eqāds,L+1,eqāds.mp3,G,Stimuli
eqādm,2,eqādm.mp3,G,Stimuli
eqātr,H+3,eqātr.mp3,G,Stimuli
isel?,L-3,isel-.mp3,G,Stimuli
ilelz,-2,ilelz.mp3,G,Stimuli
ilest,H-1,ilest.mp3,G,Stimuli
ilenm,0,ilenm.mp3,G,Stimuli
ileds,L+1,ileds.mp3,G,Stimuli
iledm,2,iledm.mp3,G,Stimuli
iletr,H+3,iletr.mp3,G,Stimuli
očāyq,-3,očāyq.mp3,G,Stimuli
očāmd,L-2,očāmd.mp3,G,Stimuli
očāmč,-1,očāmč.mp3,G,Stimuli
očāqt,H0,očāqt.mp3,G,Stimuli
očākž,1,očākž.mp3,G,Stimuli
očāxl,L+2,očāxl.mp3,G,Stimuli
očāby,3,očāby.mp3,G,Stimuli
āguyq,-3,āguyq.mp3,G,Stimuli
āgumd,L-2,āgumd.mp3,G,Stimuli
āgumč,-1,āgumč.mp3,G,Stimuli
āguqt,H0,āguqt.mp3,G,Stimuli
āgukž,1,āgukž.mp3,G,Stimuli
āguxl,L+2,āguxl.mp3,G,Stimuli
āguby,3,āguby.mp3,G,Stimuli
efuyd,H-3,efuyd.mp3,G,Stimuli
efurž,-2,efurž.mp3,G,Stimuli
efuym,L-1,efuym.mp3,G,Stimuli
efučj,0,efučj.mp3,G,Stimuli
efuks,H+1,efuks.mp3,G,Stimuli
efupn,2,efupn.mp3,G,Stimuli
efu?y,L+3,efu-y.mp3,G,Stimuli
ivayd,H-3,ivayd.mp3,G,Stimuli
ivarž,-2,ivarž.mp3,G,Stimuli
ivaym,L-1,ivaym.mp3,G,Stimuli
ivačj,0,ivačj.mp3,G,Stimuli
ivaks,H+1,ivaks.mp3,G,Stimuli
ivapn,2,ivapn.mp3,G,Stimuli
iva?y,L+3,iva-y.mp3,G,Stimuli
oxerp,-3,oxerp.mp3,G,Stimuli
oxerz,H-2,oxerz.mp3,G,Stimuli
oxefp,-1,oxefp.mp3,G,Stimuli
oxemn,L0,oxemn.mp3,G,Stimuli
oxebf,1,oxebf.mp3,G,Stimuli
oxekm,H+2,oxekm.mp3,G,Stimuli
oxepr,3,oxepr.mp3,G,Stimuli
iburp,-3,iburp.mp3,G,Stimuli
iburz,H-2,iburz.mp3,G,Stimuli
ibufp,-1,ibufp.mp3,G,Stimuli
ibumn,L0,ibumn.mp3,G,Stimuli
irubf,1,irubf.mp3,G,Stimuli
ibukm,H+2,ibukm.mp3,G,Stimuli
ibupr,3,ibupr.mp3,G,Stimuli
šebal,NA,šebal.mp3,G,Filler
fedār,NA,fedār.mp3,G,Filler
vorād,NA,vorād.mp3,G,Filler
dakin,NA,dakin.mp3,G,Filler
rifam,NA,rifam.mp3,G,Filler
dāzoh,NA,dāzoh.mp3,G,Filler
besap,NA,besap.mp3,G,Filler
xeqad,NA,xeqad.mp3,G,Filler
zišax,NA,zišax.mp3,G,Filler
lārad,NA,lārad.mp3,G,Filler
soxāv,NA,soxāv.mp3,G,Filler
raqoj,NA,raqoj.mp3,G,Filler
sabay,NA,sabay.mp3,G,Filler
sidoq,NA,sidoq.mp3,G,Filler
yaboq,NA,yaboq.mp3,G,Filler
čepom,NA,čepom.mp3,G,Filler
rekem,NA,rekem.mp3,G,Filler
votik,NA,votik.mp3,G,Filler
šemag,NA,šemag.mp3,G,Filler
xasāp,NA,xasāp.mp3,G,Filler
rekup,NA,rekup.mp3,G,Filler
rulez,NA,rulez.mp3,G,Filler
selāb,NA,selāb.mp3,G,Filler
larib,NA,larib.mp3,G,Filler
kaves,NA,kaves.mp3,G,Filler
xerum,NA,xerum.mp3,G,Filler
debiv,NA,debiv.mp3,G,Filler
suvil,NA,suvil.mp3,G,Filler
lesfep,NA,lesfep.mp3,G,Filler
da?bal,NA,da-bal.mp3,G,Filler
kānbur,NA,kānbur.mp3,G,Filler
pavker,NA,pavker.mp3,G,Filler
jexpim,NA,jexpim.mp3,G,Filler
karyap,NA,karyap.mp3,G,Filler
nākzer,NA,nākzer.mp3,G,Filler
lagnay,NA,lagnay.mp3,G,Filler
surpāf,NA,surpāf.mp3,G,Filler
dekvan,NA,dekvan.mp3,G,Filler
čeqvum,NA,čeqvum.mp3,G,Filler
tuhnip,NA,tuhnip.mp3,G,Filler
yinrāk,NA,yinrāk.mp3,G,Filler
zelteb,NA,zelteb.mp3,G,Filler
pagnuy,NA,pagnuy.mp3,G,Filler
sebyon,NA,sebyon.mp3,G,Filler
fadrun,NA,fadrun.mp3,G,Filler
tekmaš,NA,tekmaš.mp3,G,Filler
fa?yin,NA,fa-yin.mp3,G,Filler
mābfav,NA,mābfav.mp3,G,Filler
dāpxas,NA,dāpxas.mp3,G,Filler
māvkep,NA,māvkep.mp3,G,Filler
kumfad,NA,kumfad.mp3,G,Filler
emrek,NA,emrek.mp3,G,Filler
šāpzef,NA,šāpzef.mp3,G,Filler
guprek,NA,guprek.mp3,G,Filler
zibdef,NA,zibdef.mp3,G,Filler
napsih,NA,napsih.mp3,G,Filler
tokša,NA,tokša.mp3,G,Filler
defbi,NA,defbi.mp3,G,Filler
kānze,NA,kānze.mp3,G,Filler
rābqe,NA,rābqe.mp3,G,Filler
givše,NA,givše.mp3,G,Filler
rivre,NA,rivre.mp3,G,Filler
pible,NA,pible.mp3,G,Filler
tāpfo,NA,tāpfo.mp3,G,Filler
teqnā,NA,teqnā.mp3,G,Filler
febdu,NA,febdu.mp3,G,Filler
lidnā,NA,lidnā.mp3,G,Filler
dāzke,NA,dāzke.mp3,G,Filler
xezbā,NA,xezbā.mp3,G,Filler
yarši,NA,yarši.mp3,G,Filler
tigre,NA,tigre.mp3,G,Filler
tevpā,NA,tevpā.mp3,G,Filler
vetre,NA,vetre.mp3,G,Filler
rāvlā,NA,rāvlā.mp3,G,Filler
bāxze,NA,bāxze.mp3,G,Filler
nāšvi,NA,nāšvi.mp3,G,Filler
lāmše,NA,lāmše.mp3,G,Filler
vapšu,NA,vapšu.mp3,G,Filler
gepsā,NA,gepsā.mp3,G,Filler
morku,NA,morku.mp3,G,Filler
norvā,NA,norvā.mp3,G,Filler
fijpe,NA,fijpe.mp3,G,Filler
yarget,NA,yarget.mp3,G,Filler
nutpā,NA,nutpā.mp3,G,Filler
ernāk,NA,ernāk.mp3,G,Filler
eskav,NA,eskav.mp3,G,Filler
ebzer,NA,ebzer.mp3,G,Filler
idkān,NA,idkān.mp3,G,Filler
āmšel,NA,āmšel.mp3,G,Filler
unzem,NA,unzem.mp3,G,Filler
ušvab,NA,ušvab.mp3,G,Filler
ipbex,NA,ipbex.mp3,G,Filler
optāx,NA,optāx.mp3,G,Filler
ānket,NA,ānket.mp3,G,Filler
efbuz,NA,efbuz.mp3,G,Filler
iktil,NA,iktil.mp3,G,Filler
ensit,NA,ensit.mp3,G,Filler
erhap,NA,erhap.mp3,G,Filler
andep,NA,andep.mp3,G,Filler
exrum,NA,exrum.mp3,G,Filler
utpān,NA,utpān.mp3,G,Filler
okyum,NA,okyum.mp3,G,Filler
otpaf,NA,otpaf.mp3,G,Filler
ivdeb,NA,ivdeb.mp3,G,Filler
ilsuv,NA,ilsuv.mp3,G,Filler
āptev,NA,āptev.mp3,G,Filler
ābsel,NA,ābsel.mp3,G,Filler
erpav,NA,erpav.mp3,G,Filler
āvnor,NA,āvnor.mp3,G,Filler
evreb,NA,evreb.mp3,G,Filler
ukmor,NA,ukmor.mp3,G,Filler
ezrul,NA,ezrul.mp3,G,Filler
apāyp,-3,apāyp.mp3,H,Stimuli
apāls,L-2,apāls.mp3,H,Stimuli
apāmf,-1,apāmf.mp3,H,Stimuli
apāfš,H0,apāfš.mp3,H,Stimuli
apāmy,1,apāmy.mp3,H,Stimuli
apāfy,L+2,apāfy.mp3,H,Stimuli
apāky,3,apāky.mp3,H,Stimuli
edeyp,-3,edeyp.mp3,H,Stimuli
edels,L-2,edels.mp3,H,Stimuli
edemf,-1,edemf.mp3,H,Stimuli
edefš,H0,edefš.mp3,H,Stimuli
edemy,1,edemy.mp3,H,Stimuli
edefy,L+2,edefy.mp3,H,Stimuli
edeky,3,edeky.mp3,H,Stimuli
ovard,H-3,ovard.mp3,H,Stimuli
ovarh,-2,ovarh.mp3,H,Stimuli
ovafq,L-1,ovafq.mp3,H,Stimuli
ovadp,0,ovadp.mp3,H,Stimuli
ovasm,H+1,ovasm.mp3,H,Stimuli
ovašl,2,ovašl.mp3,H,Stimuli
ovadl,L+3,ovadl.mp3,H,Stimuli
izurd,H-3,izurd.mp3,H,Stimuli
izurh,-2,izurh.mp3,H,Stimuli
izufq,L-1,izufq.mp3,H,Stimuli
izudp,0,izudp.mp3,H,Stimuli
izusm,H+1,izusm.mp3,H,Stimuli
izušl,2,izušl.mp3,H,Stimuli
izudl,L+3,izudl.mp3,H,Stimuli
esālg,-3,esālg.mp3,H,Stimuli
esānd,H-2,esānd.mp3,H,Stimuli
esāčb,-1,esāčb.mp3,H,Stimuli
esāyr,L0,esāyr.mp3,H,Stimuli
esājn,1,esājn.mp3,H,Stimuli
esāhr,H+2,esāhr.mp3,H,Stimuli
esāpl,3,esāpl.mp3,H,Stimuli
atelg,-3,atelg.mp3,H,Stimuli
atend,H-2,atend.mp3,H,Stimuli
atečb,-1,atečb.mp3,H,Stimuli
ateyr,L0,ateyr.mp3,H,Stimuli
atejn,1,atejn.mp3,H,Stimuli
atehr,H+2,atehr.mp3,H,Stimuli
atepl,3,atepl.mp3,H,Stimuli
āvel?,L-3,āvel-.mp3,H,Stimuli
āvelz,-2,āvelz.mp3,H,Stimuli
āvest,H-1,āvest.mp3,H,Stimuli
āvenm,0,āvenm.mp3,H,Stimuli
āveds,L+1,āveds.mp3,H,Stimuli
āvedm,2,āvedm.mp3,H,Stimuli
āvetr,H+3,āvetr.mp3,H,Stimuli
ojul?,L-3,ojul-.mp3,H,Stimuli
ojulz,-2,ojulz.mp3,H,Stimuli
ojust,H-1,ojust.mp3,H,Stimuli
ojunm,0,ojunm.mp3,H,Stimuli
ojuds,L+1,ojuds.mp3,H,Stimuli
ojudm,2,ojudm.mp3,H,Stimuli
ojutr,H+3,ojutr.mp3,H,Stimuli
eqāyq,-3,eqāyq.mp3,H,Stimuli
eqāmd,L-2,eqāmd.mp3,H,Stimuli
eqāmč,-1,eqāmč.mp3,H,Stimuli
erāqt,H0,erāqt.mp3,H,Stimuli
eqākž,1,eqākž.mp3,H,Stimuli
eqāxl,L+2,eqāxl.mp3,H,Stimuli
eqāby,3,eqāby.mp3,H,Stimuli
ileyq,-3,ileyq.mp3,H,Stimuli
ilemd,L-2,ilemd.mp3,H,Stimuli
ilemč,-1,ilemč.mp3,H,Stimuli
ileqt,H0,ileqt.mp3,H,Stimuli
ilekž,1,ilekž.mp3,H,Stimuli
ilexl,L+2,ilexl.mp3,H,Stimuli
ileby,3,ileby.mp3,H,Stimuli
očāyd,H-3,očāyd.mp3,H,Stimuli
očārž,-2,očārž.mp3,H,Stimuli
očāym,L-1,očāym.mp3,H,Stimuli
orāčj,0,orāčj.mp3,H,Stimuli
očāks,H+1,očāks.mp3,H,Stimuli
očāpn,2,očāpn.mp3,H,Stimuli
očā?y,L+3,očā-y.mp3,H,Stimuli
āguyd,H-3,āguyd.mp3,H,Stimuli
āgurž,-2,āgurž.mp3,H,Stimuli
āguym,L-1,āguym.mp3,H,Stimuli
āgučj,0,āgučj.mp3,H,Stimuli
āguks,H+1,āguks.mp3,H,Stimuli
āgupn,2,āgupn.mp3,H,Stimuli
āgu?y,L+3,āgu-y.mp3,H,Stimuli
efurp,-3,efurp.mp3,H,Stimuli
efurz,H-2,efurz.mp3,H,Stimuli
ezufp,-1,ezufp.mp3,H,Stimuli
efumn,L0,efumn.mp3,H,Stimuli
efubf,1,efubf.mp3,H,Stimuli
efukm,H+2,efukm.mp3,H,Stimuli
efupr,3,efupr.mp3,H,Stimuli
ivarp,-3,ivarp.mp3,H,Stimuli
ivarz,H-2,ivarz.mp3,H,Stimuli
ivafp,-1,ivafp.mp3,H,Stimuli
ivamn,L0,ivamn.mp3,H,Stimuli
ivabf,1,ivabf.mp3,H,Stimuli
ivakm,H+2,ivakm.mp3,H,Stimuli
ivapr,3,ivapr.mp3,H,Stimuli
oxey?,L-3,oxey-.mp3,H,Stimuli
oxemk,-2,oxemk.mp3,H,Stimuli
oxenj,H-1,oxenj.mp3,H,Stimuli
oxešz,0,oxešz.mp3,H,Stimuli
oxefn,L+1,oxefn.mp3,H,Stimuli
oxečr,2,oxečr.mp3,H,Stimuli
oxeql,H+3,oxeql.mp3,H,Stimuli
ibuy?,L-3,ibuy-.mp3,H,Stimuli
ibumk,-2,ibumk.mp3,H,Stimuli
ibunj,H-1,ibunj.mp3,H,Stimuli
ibušz,0,ibušz.mp3,H,Stimuli
ibufn,L+1,ibufn.mp3,H,Stimuli
ibučr,2,ibučr.mp3,H,Stimuli
ibuql,H+3,ibuql.mp3,H,Stimuli
šebal,NA,šebal.mp3,H,Filler
fedār,NA,fedār.mp3,H,Filler
vorād,NA,vorād.mp3,H,Filler
dakin,NA,dakin.mp3,H,Filler
rifam,NA,rifam.mp3,H,Filler
dāzoh,NA,dāzoh.mp3,H,Filler
besap,NA,besap.mp3,H,Filler
xeqad,NA,xeqad.mp3,H,Filler
zišax,NA,zišax.mp3,H,Filler
lārad,NA,lārad.mp3,H,Filler
soxāv,NA,soxāv.mp3,H,Filler
raqoj,NA,raqoj.mp3,H,Filler
sabay,NA,sabay.mp3,H,Filler
sidoq,NA,sidoq.mp3,H,Filler
yaboq,NA,yaboq.mp3,H,Filler
čepom,NA,čepom.mp3,H,Filler
rekem,NA,rekem.mp3,H,Filler
votik,NA,votik.mp3,H,Filler
šemag,NA,šemag.mp3,H,Filler
xasāp,NA,xasāp.mp3,H,Filler
rekup,NA,rekup.mp3,H,Filler
rulez,NA,rulez.mp3,H,Filler
selāb,NA,selāb.mp3,H,Filler
larib,NA,larib.mp3,H,Filler
kaves,NA,kaves.mp3,H,Filler
xerum,NA,xerum.mp3,H,Filler
debiv,NA,debiv.mp3,H,Filler
suvil,NA,suvil.mp3,H,Filler
lesfep,NA,lesfep.mp3,H,Filler
da?bal,NA,da-bal.mp3,H,Filler
kānbur,NA,kānbur.mp3,H,Filler
pavker,NA,pavker.mp3,H,Filler
jexpim,NA,jexpim.mp3,H,Filler
karyap,NA,karyap.mp3,H,Filler
nākzer,NA,nākzer.mp3,H,Filler
lagnay,NA,lagnay.mp3,H,Filler
surpāf,NA,surpāf.mp3,H,Filler
dekvan,NA,dekvan.mp3,H,Filler
čeqvum,NA,čeqvum.mp3,H,Filler
tuhnip,NA,tuhnip.mp3,H,Filler
yinrāk,NA,yinrāk.mp3,H,Filler
zelteb,NA,zelteb.mp3,H,Filler
pagnuy,NA,pagnuy.mp3,H,Filler
sebyon,NA,sebyon.mp3,H,Filler
fadrun,NA,fadrun.mp3,H,Filler
tekmaš,NA,tekmaš.mp3,H,Filler
fa?yin,NA,fa-yin.mp3,H,Filler
mābfav,NA,mābfav.mp3,H,Filler
dāpxas,NA,dāpxas.mp3,H,Filler
māvkep,NA,māvkep.mp3,H,Filler
kumfad,NA,kumfad.mp3,H,Filler
emrek,NA,emrek.mp3,H,Filler
šāpzef,NA,šāpzef.mp3,H,Filler
guprek,NA,guprek.mp3,H,Filler
zibdef,NA,zibdef.mp3,H,Filler
napsih,NA,napsih.mp3,H,Filler
tokša,NA,tokša.mp3,H,Filler
defbi,NA,defbi.mp3,H,Filler
kānze,NA,kānze.mp3,H,Filler
rābqe,NA,rābqe.mp3,H,Filler
givše,NA,givše.mp3,H,Filler
rivre,NA,rivre.mp3,H,Filler
pible,NA,pible.mp3,H,Filler
tāpfo,NA,tāpfo.mp3,H,Filler
teqnā,NA,teqnā.mp3,H,Filler
febdu,NA,febdu.mp3,H,Filler
lidnā,NA,lidnā.mp3,H,Filler
dāzke,NA,dāzke.mp3,H,Filler
xezbā,NA,xezbā.mp3,H,Filler
yarši,NA,yarši.mp3,H,Filler
tigre,NA,tigre.mp3,H,Filler
tevpā,NA,tevpā.mp3,H,Filler
vetre,NA,vetre.mp3,H,Filler
rāvlā,NA,rāvlā.mp3,H,Filler
bāxze,NA,bāxze.mp3,H,Filler
nāšvi,NA,nāšvi.mp3,H,Filler
lāmše,NA,lāmše.mp3,H,Filler
vapšu,NA,vapšu.mp3,H,Filler
gepsā,NA,gepsā.mp3,H,Filler
morku,NA,morku.mp3,H,Filler
norvā,NA,norvā.mp3,H,Filler
fijpe,NA,fijpe.mp3,H,Filler
yarget,NA,yarget.mp3,H,Filler
nutpā,NA,nutpā.mp3,H,Filler
ernāk,NA,ernāk.mp3,H,Filler
eskav,NA,eskav.mp3,H,Filler
ebzer,NA,ebzer.mp3,H,Filler
idkān,NA,idkān.mp3,H,Filler
āmšel,NA,āmšel.mp3,H,Filler
unzem,NA,unzem.mp3,H,Filler
ušvab,NA,ušvab.mp3,H,Filler
ipbex,NA,ipbex.mp3,H,Filler
optāx,NA,optāx.mp3,H,Filler
ānket,NA,ānket.mp3,H,Filler
efbuz,NA,efbuz.mp3,H,Filler
iktil,NA,iktil.mp3,H,Filler
ensit,NA,ensit.mp3,H,Filler
erhap,NA,erhap.mp3,H,Filler
andep,NA,andep.mp3,H,Filler
exrum,NA,exrum.mp3,H,Filler
utpān,NA,utpān.mp3,H,Filler
okyum,NA,okyum.mp3,H,Filler
otpaf,NA,otpaf.mp3,H,Filler
ivdeb,NA,ivdeb.mp3,H,Filler
ilsuv,NA,ilsuv.mp3,H,Filler
āptev,NA,āptev.mp3,H,Filler
ābsel,NA,ābsel.mp3,H,Filler
erpav,NA,erpav.mp3,H,Filler
āvnor,NA,āvnor.mp3,H,Filler
evreb,NA,evreb.mp3,H,Filler
ukmor,NA,ukmor.mp3,H,Filler
ezrul,NA,ezrul.mp3,H,Filler
